id,date,city,reason,count
1,2026-10-09,Agadir,defective,11
2,2026-10-09,Agadir,wrong_item,9
3,2026-10-09,Agadir,changed_mind,13
4,2026-10-09,Casablanca,defective,18
5,2026-10-09,Casablanca,wrong_item,8
6,2026-10-09,Casablanca,changed_mind,8
7,2026-10-09,Tanger,defective,13
8,2026-10-09,Tanger,wrong_item,12
9,2026-10-09,Tanger,changed_mind,8
10,2026-10-09,Agadir,defective,11
11,2026-10-09,Agadir,wrong_item,9
12,2026-10-09,Agadir,changed_mind,13
13,2026-10-09,Casablanca,defective,18
14,2026-10-09,Casablanca,wrong_item,8
15,2026-10-09,Casablanca,changed_mind,8
16,2026-10-09,Tanger,defective,13
17,2026-10-09,Tanger,wrong_item,12
18,2026-10-09,Tanger,changed_mind,8
19,2026-10-09,Agadir,defective,11
20,2026-10-09,Agadir,wrong_item,9
21,2026-10-09,Agadir,changed_mind,13
22,2026-10-09,Casablanca,defective,18
23,2026-10-09,Casablanca,wrong_item,8
24,2026-10-09,Casablanca,changed_mind,8
25,2026-10-09,Tanger,defective,13
26,2026-10-09,Tanger,wrong_item,12
27,2026-10-09,Tanger,changed_mind,8
28,2026-10-09,Agadir,defective,11
29,2026-10-09,Agadir,wrong_item,9
30,2026-10-09,Agadir,changed_mind,13
31,2026-10-09,Casablanca,defective,18
32,2026-10-09,Casablanca,wrong_item,8
33,2026-10-09,Casablanca,changed_mind,8
34,2026-10-09,Tanger,defective,13
35,2026-10-09,Tanger,wrong_item,12
36,2026-10-09,Tanger,changed_mind,8
37,2026-10-09,Agadir,defective,11
38,2026-10-09,Agadir,wrong_item,9
39,2026-10-09,Agadir,changed_mind,13
40,2026-10-09,Casablanca,defective,18
41,2026-10-09,Casablanca,wrong_item,8
42,2026-10-09,Casablanca,changed_mind,8
43,2026-10-09,Tanger,defective,13
44,2026-10-09,Tanger,wrong_item,12
45,2026-10-09,Tanger,changed_mind,8
46,2026-10-09,Agadir,defective,11
47,2026-10-09,Agadir,wrong_item,9
48,2026-10-09,Agadir,changed_mind,13
49,2026-10-09,Casablanca,defective,18
50,2026-10-09,Casablanca,wrong_item,8
51,2026-10-09,Casablanca,changed_mind,8
52,2026-10-09,Tanger,defective,13
53,2026-10-09,Tanger,wrong_item,12
54,2026-10-09,Tanger,changed_mind,8
55,2026-10-09,Agadir,defective,11
56,2026-10-09,Agadir,wrong_item,9
57,2026-10-09,Agadir,changed_mind,13
58,2026-10-09,Casablanca,defective,18
59,2026-10-09,Casablanca,wrong_item,8
60,2026-10-09,Casablanca,changed_mind,8
61,2026-10-09,Tanger,defective,13
62,2026-10-09,Tanger,wrong_item,12
63,2026-10-09,Tanger,changed_mind,8
64,2026-10-09,Agadir,defective,11
65,2026-10-09,Agadir,wrong_item,9
66,2026-10-09,Agadir,changed_mind,13
67,2026-10-09,Casablanca,defective,18
68,2026-10-09,Casablanca,wrong_item,8
69,2026-10-09,Casablanca,changed_mind,8
70,2026-10-09,Tanger,defective,13
71,2026-10-09,Tanger,wrong_item,12
72,2026-10-09,Tanger,changed_mind,8
73,2026-10-09,Agadir,defective,11
74,2026-10-09,Agadir,wrong_item,9
75,2026-10-09,Agadir,changed_mind,13
76,2026-10-09,Casablanca,defective,18
77,2026-10-09,Casablanca,wrong_item,8
78,2026-10-09,Casablanca,changed_mind,8
79,2026-10-09,Tanger,defective,13
80,2026-10-09,Tanger,wrong_item,12
81,2026-10-09,Tanger,changed_mind,8
82,2026-10-09,Agadir,defective,11
83,2026-10-09,Agadir,wrong_item,9
84,2026-10-09,Agadir,changed_mind,13
85,2026-10-09,Casablanca,defective,18
86,2026-10-09,Casablanca,wrong_item,8
87,2026-10-09,Casablanca,changed_mind,8
88,2026-10-09,Tanger,defective,13
89,2026-10-09,Tanger,wrong_item,12
90,2026-10-09,Tanger,changed_mind,8
